{
  "source_csv": "analysis/results.csv",
  "near_zero_completion_diagnostic": {
    "PROSA": {
      "total_runs": 15,
      "near_zero_completion_runs": 8,
      "near_zero_fraction": 0.5333333333333333,
      "near_zero_run_ids": [
        0,
        1,
        2,
        3,
        4,
        7,
        12,
        13
      ]
    },
    "ADACOR": {
      "total_runs": 15,
      "near_zero_completion_runs": 2,
      "near_zero_fraction": 0.13333333333333333,
      "near_zero_run_ids": [
        11,
        14
      ]
    }
  },
  "metrics": [
    {
      "metric": "throughput",
      "prosa_n": 15,
      "adacor_n": 15,
      "prosa_mean": 0.008334912187456122,
      "adacor_mean": 0.006996231546066267,
      "prosa_std": 0.006352421602209642,
      "adacor_std": 0.0047714661571169196,
      "prosa_ci95": [
        0.0051592693760686825,
        0.011358382231166314
      ],
      "adacor_ci95": [
        0.004634376003480244,
        0.009209999091372096
      ],
      "shapiro_p_prosa": 0.0013012644512972959,
      "shapiro_p_adacor": 0.013890020057100397,
      "test": "Mann-Whitney U",
      "test_statistic": 143.0,
      "p_value": 0.21050923516643938,
      "effect_size_name": "rank-biserial r",
      "effect_size": -0.2711111111111111
    },
    {
      "metric": "tardiness_mean",
      "prosa_n": 15,
      "adacor_n": 15,
      "prosa_mean": 200.75319276908434,
      "adacor_mean": 358.7957478974282,
      "prosa_std": 204.98986685224446,
      "adacor_std": 221.33618951809026,
      "prosa_ci95": [
        104.93232490343058,
        304.37864515487365
      ],
      "adacor_ci95": [
        250.94619992847853,
        466.3854424199259
      ],
      "shapiro_p_prosa": 0.005857865171856376,
      "shapiro_p_adacor": 0.4294079236434908,
      "test": "Mann-Whitney U",
      "test_statistic": 60.0,
      "p_value": 0.0299749093318679,
      "effect_size_name": "rank-biserial r",
      "effect_size": 0.4666666666666667
    },
    {
      "metric": "tardiness_max",
      "prosa_n": 15,
      "adacor_n": 15,
      "prosa_mean": 698.3289584244491,
      "adacor_mean": 1071.0658933208604,
      "prosa_std": 805.347681087555,
      "adacor_std": 733.1623815216666,
      "prosa_ci95": [
        320.2682775983957,
        1108.7478480047077
      ],
      "adacor_ci95": [
        709.4131040808037,
        1427.7265424124378
      ],
      "shapiro_p_prosa": 0.004275409197854659,
      "shapiro_p_adacor": 0.3751296486013214,
      "test": "Mann-Whitney U",
      "test_statistic": 79.0,
      "p_value": 0.1683938523288976,
      "effect_size_name": "rank-biserial r",
      "effect_size": 0.2977777777777778
    },
    {
      "metric": "wip_mean",
      "prosa_n": 15,
      "adacor_n": 15,
      "prosa_mean": 2.312627794189825,
      "adacor_mean": 2.9582287853238545,
      "prosa_std": 2.198042844975104,
      "adacor_std": 1.9174996835719742,
      "prosa_ci95": [
        1.2663005684379693,
        3.4111826823644122
      ],
      "adacor_ci95": [
        1.9877872260352045,
        3.8241788621859145
      ],
      "shapiro_p_prosa": 0.0007236113952605797,
      "shapiro_p_adacor": 0.0006171364171273553,
      "test": "Mann-Whitney U",
      "test_statistic": 109.0,
      "p_value": 0.9003520438077357,
      "effect_size_name": "rank-biserial r",
      "effect_size": 0.03111111111111109
    },
    {
      "metric": "energy_cost_eur",
      "prosa_n": 15,
      "adacor_n": 15,
      "prosa_mean": 5.551109705276448e-06,
      "adacor_mean": 6.129657594702236e-06,
      "prosa_std": 6.398970319500372e-06,
      "adacor_std": 4.422365402487013e-06,
      "prosa_ci95": [
        2.5647374562626875e-06,
        8.733988002723333e-06
      ],
      "adacor_ci95": [
        4.014830379486945e-06,
        8.256609209431879e-06
      ],
      "shapiro_p_prosa": 0.0004895855874701729,
      "shapiro_p_adacor": 0.09446342096526814,
      "test": "Mann-Whitney U",
      "test_statistic": 100.5,
      "p_value": 0.6320341379525343,
      "effect_size_name": "rank-biserial r",
      "effect_size": 0.10666666666666669
    },
    {
      "metric": "defect_rate",
      "prosa_n": 15,
      "adacor_n": 15,
      "prosa_mean": 0.002272433816151567,
      "adacor_mean": 0.004030739161336167,
      "prosa_std": 0.00478818498936147,
      "adacor_std": 0.00910144424587601,
      "prosa_ci95": [
        0.0,
        0.004823768761852707
      ],
      "adacor_ci95": [
        0.0,
        0.009192430703624719
      ],
      "shapiro_p_prosa": 6.378842953127736e-06,
      "shapiro_p_adacor": 5.253747142979719e-06,
      "test": "Mann-Whitney U",
      "test_statistic": 108.0,
      "p_value": 0.8123272464337872,
      "effect_size_name": "rank-biserial r",
      "effect_size": 0.040000000000000036
    }
  ]
}